"","x"
"1","이나라"
"2","사업은"
"3","사실상"
"4","끝났다이고"
"5","보아"
"6","무방하다"
"7","대형"
"8","건설사들은"
"9","코어멤버"
"10","들"
"11","빼거나만"
"12","전담하는"
"13","이"
"14","되어가고"
"15","있음"
"16","대우가"
"17","그렇고대이리이"
"18","그렇고"
"19","유일하게"
"20","수주전"
"21","참가하고"
"22","있는"
"23","삼성"
"24","이나라"
"25","사업은"
"26","사실상"
"27","끝났다이고"
"28","보아"
"29","무방하다"
"30","대형"
"31","건설사들은"
"32","코어멤버"
"33","들"
"34","빼거나만"
"35","전담하는"
"36","이"
"37","되어가고"
"38","있음"
"39","대우가"
"40","그렇고대이리이"
"41","그렇고"
"42","유일하게"
"43","수주전"
"44","참가하고"
"45","있는"
"46","삼성"
"47","엔지니어링이라고"
"48","크게"
"49","다르바"
"50","없다"
"51","래미안"
"52","아파트"
"53","안"
"54","짓던"
"55","것도"
"56","이재용"
"57","승계작업"
"58","때문이었어"
"59","건설부문에서"
"60","강세"
"61","삼성물산"
"62","신규주택"
"63","공급"
"64","줄"
"65","임"
"66","국외"
"67","건설사업"
"68","일부"
"69","삼성엔지니어링에"
"70","널"
"71","김"
"72","조원"
"73","규모"
"74","카타르"
"75","복합화력발전"
"76","오후장"
"77","공략주"
"78","비상교육"
"79","삼성엔지니어링"
"80","유플러스"
"81","삼성엔지니어링"
"82","사우디"
"83","얀부"
"84","프로젝트"
"85","억원"
"86","규모"
"87","중재신청"
"88","피소"
"89","삼성엔지니어링"
"90","억대"
"91","중재신청"
"92","피소"
"93","주가"
"94","급락"
"95","기업분석"
"96","삼성엔지니어링"
"97","억원"
"98","초대형"
"99","소송"
"100","공중에"
"101","뜨"
"102","사우디"
"103","해수담수"
"104","프로젝트"
"105","누구"
"106","잘못"
"107","건설워커"
"108","채용속보"
"109","삼성엔지니어링"
"110","산업환경플랜트"
"111","프로젝트"
"112","계약직"
"113","경력채용"
"114","공고"
"115","건설워커"
"116","건설채용"
"117","삼성엔지니어링"
"118","플랜트"
"119","엔지니어"
"120","건설워커"
"121","채용속보"
"122","삼성엔지니어링"
"123","산업환경플랜트"
"124","프로젝트"
"125","계약직"
"126","경력채용"
"127","공고"
"128","건설워커"
"129","건설채용"
"130","삼성엔지니어링"
"131","플랜트"
"132","엔지니"
"133","어"
"134","삼성엔지니어링"
"135","공학"
"136","석박사"
"137","인재"
"138","채용"
"139","서울"
